feature,importance
Sex_encoded,0.3527883696174504
Fare,0.10764603590936199
Fare_scaled,0.09402470878596761
PassengerId,0.0799149095229979
Pclass_scaled,0.07848811628036369
Pclass,0.07435665217030206
Age,0.07232977020443111
Age_scaled,0.06545325036592103
SibSp,0.02432420635045821
SibSp_scaled,0.0203074148305608
Parch_scaled,0.019250480071550252
Parch,0.011116085890635041
