feature,importance
Sex_encoded,0.2451774832990018
PassengerId,0.14929771394419297
Fare_scaled,0.12982500869493752
Fare,0.11952106168633954
Age_scaled,0.0954016167136358
Age,0.09313707037748392
Pclass,0.04879290084199531
Pclass_scaled,0.040078721737178566
SibSp_scaled,0.02304421716422839
Parch_scaled,0.02303480800976224
SibSp,0.017458844921871067
Parch,0.01523055260937291
