feature,importance
Sex_encoded,0.25051739251204
PassengerId,0.14811296775446417
Fare_scaled,0.1344438099860084
Fare,0.1204698628562844
Age_scaled,0.09555769709947189
Age,0.09188363614894136
Pclass,0.04760542352075531
Pclass_scaled,0.03638828821487337
SibSp_scaled,0.02037603375918205
SibSp,0.019472888753739932
Parch_scaled,0.019310933234256124
Parch,0.015861066159982853
