feature,importance
Sex_encoded,0.3838265474238899
Fare,0.10509392806606827
Fare_scaled,0.10307997197167827
PassengerId,0.0715097713040741
Pclass,0.07095432464486938
Pclass_scaled,0.06843737197312341
Age,0.06542535437968038
Age_scaled,0.061045303704951114
SibSp_scaled,0.02118096965762868
SibSp,0.019808123699381338
Parch_scaled,0.01812570766218957
Parch,0.011512625512465686
