feature,importance
Sex_encoded,0.21819975464938313
PassengerId,0.16769025220457784
Fare_scaled,0.13574176578804592
Fare,0.1351969582097513
Age,0.10303659959996012
Age_scaled,0.09727626960661462
Pclass,0.04252520368888819
Pclass_scaled,0.03163305435573032
SibSp_scaled,0.019418966810483114
SibSp,0.018029239296316554
Parch_scaled,0.01580624516780165
Parch,0.015445690622447338
